{
  "display": {
    "icon": {
      "item": "emp:emerald_ingot"
    },
    "title": {
      "translate": "advancements.a_stupid_decision.title"
    },
    "description": {
      "translate": "advancements.a_stupid_decision.descr"
    },
    "frame": "task",
    "show_toast": true,
    "announce_to_chat": true,
    "hidden": false
  },
  "criteria": {
    "a_stupid_decision": {
      "trigger": "minecraft:inventory_changed",
      "conditions": {
        "items": [
          {
            "items": [
              "emp:emerald_ingot"
            ],
            "count": {
              "min": 64,
              "max": 64
            }
          }
        ]
      }
    }
  },
  "parent": "minecraft:story/smelt_iron"
}