{
  "_fv": 34,
  "_type": "villagertrade",
  "definition": {
    "tradeEntries": [
      {
        "villagerProfession": {
          "value": "WEAPONSMITH"
        },
        "entries": [
          {
            "price1": {
              "value": "Items.EMERALD"
            },
            "countPrice1": 1,
            "price2": {
              "value": ""
            },
            "countPrice2": 1,
            "offer": {
              "value": "CUSTOM:EmeraldIngot"
            },
            "countOffer": 1,
            "level": 2,
            "maxTrades": 10,
            "xp": 7,
            "priceMultiplier": 0.05
          },
          {
            "price1": {
              "value": "Blocks.EMERALD_ORE"
            },
            "countPrice1": 1,
            "price2": {
              "value": ""
            },
            "countPrice2": 1,
            "offer": {
              "value": "CUSTOM:EmeraldIngot"
            },
            "countOffer": 4,
            "level": 2,
            "maxTrades": 10,
            "xp": 5,
            "priceMultiplier": 0.05
          },
          {
            "price1": {
              "value": "Blocks.EMERALD_BLOCK"
            },
            "countPrice1": 1,
            "price2": {
              "value": ""
            },
            "countPrice2": 1,
            "offer": {
              "value": "CUSTOM:EmeraldIngot"
            },
            "countOffer": 9,
            "level": 2,
            "maxTrades": 10,
            "xp": 10,
            "priceMultiplier": 0.05
          }
        ]
      }
    ]
  }
}