{
  "_fv": 34,
  "_type": "achievement",
  "definition": {
    "achievementName": "A Stupid Decision",
    "achievementDescription": "Get 64 Emerald Ingots. Question is..... Why?",
    "achievementIcon": {
      "value": "CUSTOM:EmeraldIngot"
    },
    "background": "Default",
    "disableDisplay": false,
    "showPopup": true,
    "announceToChat": true,
    "hideIfNotCompleted": false,
    "rewardLoot": [],
    "rewardRecipes": [],
    "rewardFunction": "No function",
    "rewardXP": 0,
    "achievementType": "task",
    "parent": {
      "value": "story/smelt_iron"
    },
    "triggerxml": "<xml xmlns=\"https://developers.google.com/blockly/xml\"><block type=\"item_in_inventory\" x=\"123\" y=\"111\"><value name=\"amount_l\"><block type=\"math_number\"><field name=\"NUM\">64</field></block></value><value name=\"amount_h\"><block type=\"math_number\"><field name=\"NUM\">64</field></block></value><value name=\"item\"><block type=\"mcitem_all\"><field name=\"value\">CUSTOM:EmeraldIngot</field></block></value><next><block type=\"advancement_trigger\" deletable=\"false\"></block></next></block></xml>"
  }
}